[{"model": "admin.logentry", "pk": 1, "fields": {"action_time": "2024-09-11T17:50:50.112Z", "user": 1, "content_type": 7, "object_id": "1", "object_repr": "Post object (1)", "action_flag": 1, "change_message": "[{\"added\": {}}]"}}, {"model": "admin.logentry", "pk": 2, "fields": {"action_time": "2024-09-11T17:50:58.256Z", "user": 1, "content_type": 7, "object_id": "1", "object_repr": "Post object (1)", "action_flag": 2, "change_message": "[]"}}, {"model": "admin.logentry", "pk": 3, "fields": {"action_time": "2024-09-11T17:55:00.395Z", "user": 1, "content_type": 7, "object_id": "1", "object_repr": "blog post 1", "action_flag": 2, "change_message": "[]"}}, {"model": "admin.logentry", "pk": 4, "fields": {"action_time": "2024-09-11T18:04:37.646Z", "user": 1, "content_type": 7, "object_id": "1", "object_repr": "blog post 1", "action_flag": 2, "change_message": "[]"}}, {"model": "admin.logentry", "pk": 5, "fields": {"action_time": "2024-09-11T18:04:51.842Z", "user": 1, "content_type": 7, "object_id": "2", "object_repr": "blog post 2", "action_flag": 1, "change_message": "[{\"added\": {}}]"}}, {"model": "admin.logentry", "pk": 6, "fields": {"action_time": "2024-09-11T18:05:00.780Z", "user": 1, "content_type": 7, "object_id": "3", "object_repr": "blog post 4", "action_flag": 1, "change_message": "[{\"added\": {}}]"}}, {"model": "admin.logentry", "pk": 7, "fields": {"action_time": "2024-09-11T18:05:12.448Z", "user": 1, "content_type": 7, "object_id": "1", "object_repr": "blog post 1", "action_flag": 2, "change_message": "[{\"changed\": {\"fields\": [\"Content\"]}}]"}}, {"model": "admin.logentry", "pk": 8, "fields": {"action_time": "2024-09-11T18:16:34.932Z", "user": 1, "content_type": 7, "object_id": "1", "object_repr": "blog post 1", "action_flag": 2, "change_message": "[{\"changed\": {\"fields\": [\"Author\"]}}]"}}, {"model": "admin.logentry", "pk": 9, "fields": {"action_time": "2024-09-11T18:33:59.085Z", "user": 1, "content_type": 7, "object_id": "3", "object_repr": "blog post 4", "action_flag": 2, "change_message": "[{\"changed\": {\"fields\": [\"Slug\", \"Author\", \"Status\", \"Published\"]}}]"}}, {"model": "admin.logentry", "pk": 10, "fields": {"action_time": "2024-09-11T18:35:21.192Z", "user": 1, "content_type": 7, "object_id": "2", "object_repr": "blog post 2", "action_flag": 2, "change_message": "[{\"changed\": {\"fields\": [\"Slug\", \"Author\"]}}]"}}, {"model": "admin.logentry", "pk": 11, "fields": {"action_time": "2024-09-11T18:35:40.115Z", "user": 1, "content_type": 7, "object_id": "3", "object_repr": "blog post 4", "action_flag": 2, "change_message": "[{\"changed\": {\"fields\": [\"Slug\"]}}]"}}, {"model": "admin.logentry", "pk": 12, "fields": {"action_time": "2024-09-11T18:35:50.532Z", "user": 1, "content_type": 7, "object_id": "1", "object_repr": "blog post 1", "action_flag": 2, "change_message": "[{\"changed\": {\"fields\": [\"Slug\"]}}]"}}, {"model": "admin.logentry", "pk": 13, "fields": {"action_time": "2024-09-12T19:57:20.919Z", "user": 1, "content_type": 4, "object_id": "2", "object_repr": "morgan2", "action_flag": 1, "change_message": "[{\"added\": {}}]"}}, {"model": "admin.logentry", "pk": 14, "fields": {"action_time": "2024-09-12T20:35:36.419Z", "user": 1, "content_type": 8, "object_id": "1", "object_repr": "literary", "action_flag": 1, "change_message": "[{\"added\": {}}]"}}, {"model": "admin.logentry", "pk": 15, "fields": {"action_time": "2024-09-12T20:35:44.200Z", "user": 1, "content_type": 8, "object_id": "2", "object_repr": "its all relative", "action_flag": 1, "change_message": "[{\"added\": {}}]"}}, {"model": "admin.logentry", "pk": 16, "fields": {"action_time": "2024-09-12T20:35:51.101Z", "user": 1, "content_type": 8, "object_id": "3", "object_repr": "sports and games", "action_flag": 1, "change_message": "[{\"added\": {}}]"}}, {"model": "admin.logentry", "pk": 17, "fields": {"action_time": "2024-09-12T20:35:57.026Z", "user": 1, "content_type": 8, "object_id": "4", "object_repr": "comms", "action_flag": 1, "change_message": "[{\"added\": {}}]"}}, {"model": "admin.logentry", "pk": 18, "fields": {"action_time": "2024-09-12T20:41:32.101Z", "user": 1, "content_type": 7, "object_id": "4", "object_repr": "is this blog post 3?", "action_flag": 2, "change_message": "[{\"changed\": {\"fields\": [\"Slug\", \"Topics\"]}}]"}}, {"model": "admin.logentry", "pk": 19, "fields": {"action_time": "2024-09-12T20:41:39.880Z", "user": 1, "content_type": 7, "object_id": "3", "object_repr": "blog post 4", "action_flag": 2, "change_message": "[{\"changed\": {\"fields\": [\"Topics\"]}}]"}}, {"model": "admin.logentry", "pk": 20, "fields": {"action_time": "2024-09-12T20:41:44.010Z", "user": 1, "content_type": 7, "object_id": "2", "object_repr": "blog post 2", "action_flag": 2, "change_message": "[{\"changed\": {\"fields\": [\"Topics\"]}}]"}}, {"model": "admin.logentry", "pk": 21, "fields": {"action_time": "2024-09-12T20:41:47.587Z", "user": 1, "content_type": 7, "object_id": "1", "object_repr": "blog post 1", "action_flag": 2, "change_message": "[{\"changed\": {\"fields\": [\"Topics\"]}}]"}}, {"model": "admin.logentry", "pk": 22, "fields": {"action_time": "2024-09-12T20:41:54.889Z", "user": 1, "content_type": 7, "object_id": "1", "object_repr": "blog post 1", "action_flag": 2, "change_message": "[{\"changed\": {\"fields\": [\"Topics\"]}}]"}}, {"model": "admin.logentry", "pk": 23, "fields": {"action_time": "2024-09-13T00:22:04.747Z", "user": 1, "content_type": 7, "object_id": "1", "object_repr": "Words to Live By", "action_flag": 2, "change_message": "[{\"changed\": {\"fields\": [\"Title\", \"Slug\", \"Content\", \"Topics\"]}}]"}}, {"model": "admin.logentry", "pk": 24, "fields": {"action_time": "2024-09-13T00:22:38.932Z", "user": 1, "content_type": 7, "object_id": "4", "object_repr": "is this blog post 3?", "action_flag": 2, "change_message": "[{\"changed\": {\"fields\": [\"Author\"]}}]"}}, {"model": "admin.logentry", "pk": 25, "fields": {"action_time": "2024-09-13T00:22:48.227Z", "user": 1, "content_type": 4, "object_id": "2", "object_repr": "morgan2", "action_flag": 3, "change_message": ""}}, {"model": "admin.logentry", "pk": 26, "fields": {"action_time": "2024-09-13T00:28:15.202Z", "user": 1, "content_type": 4, "object_id": "4", "object_repr": "charles-dickens", "action_flag": 2, "change_message": "[{\"changed\": {\"fields\": [\"Staff status\", \"Superuser status\"]}}]"}}, {"model": "admin.logentry", "pk": 27, "fields": {"action_time": "2024-09-13T00:28:29.172Z", "user": 1, "content_type": 4, "object_id": "4", "object_repr": "charles-dickens", "action_flag": 2, "change_message": "[{\"changed\": {\"fields\": [\"First name\", \"Last name\"]}}]"}}, {"model": "admin.logentry", "pk": 28, "fields": {"action_time": "2024-09-13T00:28:38.594Z", "user": 1, "content_type": 4, "object_id": "3", "object_repr": "douglas-adams", "action_flag": 2, "change_message": "[{\"changed\": {\"fields\": [\"First name\", \"Last name\", \"Staff status\", \"Superuser status\"]}}]"}}, {"model": "admin.logentry", "pk": 29, "fields": {"action_time": "2024-09-13T00:28:49.247Z", "user": 1, "content_type": 4, "object_id": "5", "object_repr": "jane-austen", "action_flag": 2, "change_message": "[{\"changed\": {\"fields\": [\"First name\", \"Last name\", \"Staff status\", \"Superuser status\"]}}]"}}, {"model": "admin.logentry", "pk": 30, "fields": {"action_time": "2024-09-13T00:29:01.293Z", "user": 1, "content_type": 7, "object_id": "1", "object_repr": "Words to Live By", "action_flag": 2, "change_message": "[{\"changed\": {\"fields\": [\"Author\"]}}]"}}, {"model": "admin.logentry", "pk": 31, "fields": {"action_time": "2024-09-13T00:29:53.261Z", "user": 1, "content_type": 7, "object_id": "2", "object_repr": "classic", "action_flag": 2, "change_message": "[{\"changed\": {\"fields\": [\"Title\", \"Slug\", \"Author\", \"Content\"]}}]"}}, {"model": "admin.logentry", "pk": 32, "fields": {"action_time": "2024-09-13T00:30:34.753Z", "user": 1, "content_type": 7, "object_id": "3", "object_repr": "you can never really know someone", "action_flag": 2, "change_message": "[{\"changed\": {\"fields\": [\"Title\", \"Slug\", \"Content\"]}}]"}}, {"model": "admin.logentry", "pk": 33, "fields": {"action_time": "2024-09-13T00:31:03.631Z", "user": 1, "content_type": 7, "object_id": "4", "object_repr": "where am I?", "action_flag": 2, "change_message": "[{\"changed\": {\"fields\": [\"Title\", \"Author\", \"Content\"]}}]"}}, {"model": "admin.logentry", "pk": 34, "fields": {"action_time": "2024-09-13T00:31:11.770Z", "user": 1, "content_type": 7, "object_id": "4", "object_repr": "where am I?", "action_flag": 2, "change_message": "[{\"changed\": {\"fields\": [\"Slug\"]}}]"}}, {"model": "admin.logentry", "pk": 35, "fields": {"action_time": "2024-09-13T00:31:18.561Z", "user": 1, "content_type": 7, "object_id": "3", "object_repr": "you can never really know someone", "action_flag": 2, "change_message": "[{\"changed\": {\"fields\": [\"Author\"]}}]"}}, {"model": "admin.logentry", "pk": 36, "fields": {"action_time": "2024-09-13T00:32:00.698Z", "user": 1, "content_type": 7, "object_id": "5", "object_repr": "who's hungry?", "action_flag": 1, "change_message": "[{\"added\": {}}]"}}, {"model": "admin.logentry", "pk": 37, "fields": {"action_time": "2024-09-13T00:32:13.626Z", "user": 1, "content_type": 7, "object_id": "1", "object_repr": "Words to Live By", "action_flag": 2, "change_message": "[{\"changed\": {\"fields\": [\"Topics\"]}}]"}}, {"model": "admin.logentry", "pk": 38, "fields": {"action_time": "2024-09-13T00:32:17.443Z", "user": 1, "content_type": 7, "object_id": "2", "object_repr": "classic", "action_flag": 2, "change_message": "[{\"changed\": {\"fields\": [\"Topics\"]}}]"}}, {"model": "admin.logentry", "pk": 39, "fields": {"action_time": "2024-09-13T00:32:20.951Z", "user": 1, "content_type": 7, "object_id": "3", "object_repr": "you can never really know someone", "action_flag": 2, "change_message": "[{\"changed\": {\"fields\": [\"Topics\"]}}]"}}, {"model": "admin.logentry", "pk": 40, "fields": {"action_time": "2024-09-13T00:32:25.450Z", "user": 1, "content_type": 7, "object_id": "4", "object_repr": "where am I?", "action_flag": 2, "change_message": "[{\"changed\": {\"fields\": [\"Topics\"]}}]"}}, {"model": "admin.logentry", "pk": 41, "fields": {"action_time": "2024-09-13T00:32:53.705Z", "user": 1, "content_type": 7, "object_id": "6", "object_repr": "In the Beginning", "action_flag": 1, "change_message": "[{\"added\": {}}]"}}, {"model": "admin.logentry", "pk": 42, "fields": {"action_time": "2024-09-13T00:33:30.661Z", "user": 1, "content_type": 7, "object_id": "7", "object_repr": "Brutal.", "action_flag": 1, "change_message": "[{\"added\": {}}]"}}, {"model": "admin.logentry", "pk": 43, "fields": {"action_time": "2024-09-13T00:33:56.236Z", "user": 1, "content_type": 7, "object_id": "8", "object_repr": "Swipe ->", "action_flag": 1, "change_message": "[{\"added\": {}}]"}}, {"model": "admin.logentry", "pk": 44, "fields": {"action_time": "2024-09-13T00:34:26.526Z", "user": 1, "content_type": 7, "object_id": "9", "object_repr": "Come @ me Sis", "action_flag": 1, "change_message": "[{\"added\": {}}]"}}, {"model": "admin.logentry", "pk": 45, "fields": {"action_time": "2024-09-13T00:34:55.115Z", "user": 1, "content_type": 7, "object_id": "10", "object_repr": "Earth", "action_flag": 1, "change_message": "[{\"added\": {}}]"}}, {"model": "admin.logentry", "pk": 46, "fields": {"action_time": "2024-09-13T00:35:19.397Z", "user": 1, "content_type": 7, "object_id": "1", "object_repr": "Words to Live By", "action_flag": 2, "change_message": "[{\"changed\": {\"fields\": [\"Status\", \"Published\"]}}]"}}, {"model": "admin.logentry", "pk": 47, "fields": {"action_time": "2024-09-13T00:35:28.225Z", "user": 1, "content_type": 7, "object_id": "2", "object_repr": "classic", "action_flag": 2, "change_message": "[{\"changed\": {\"fields\": [\"Status\", \"Published\"]}}]"}}, {"model": "admin.logentry", "pk": 48, "fields": {"action_time": "2024-09-13T00:35:34.759Z", "user": 1, "content_type": 7, "object_id": "4", "object_repr": "where am I?", "action_flag": 2, "change_message": "[{\"changed\": {\"fields\": [\"Status\"]}}]"}}, {"model": "admin.logentry", "pk": 49, "fields": {"action_time": "2024-09-13T00:35:39.777Z", "user": 1, "content_type": 7, "object_id": "4", "object_repr": "where am I?", "action_flag": 2, "change_message": "[{\"changed\": {\"fields\": [\"Published\"]}}]"}}, {"model": "admin.logentry", "pk": 50, "fields": {"action_time": "2024-09-13T00:35:43.539Z", "user": 1, "content_type": 7, "object_id": "4", "object_repr": "where am I?", "action_flag": 2, "change_message": "[]"}}, {"model": "admin.logentry", "pk": 51, "fields": {"action_time": "2024-09-13T00:35:50.525Z", "user": 1, "content_type": 7, "object_id": "10", "object_repr": "Earth", "action_flag": 2, "change_message": "[{\"changed\": {\"fields\": [\"Status\", \"Published\"]}}]"}}, {"model": "admin.logentry", "pk": 52, "fields": {"action_time": "2024-09-13T00:58:31.872Z", "user": 1, "content_type": 9, "object_id": "1", "object_repr": "not dna", "action_flag": 1, "change_message": "[{\"added\": {}}]"}}, {"model": "admin.logentry", "pk": 53, "fields": {"action_time": "2024-09-13T01:05:51.692Z", "user": 1, "content_type": 7, "object_id": "1", "object_repr": "Words to Live By", "action_flag": 2, "change_message": "[]"}}, {"model": "admin.logentry", "pk": 54, "fields": {"action_time": "2024-09-13T01:14:52.460Z", "user": 1, "content_type": 9, "object_id": "2", "object_repr": "you mean in the end.", "action_flag": 1, "change_message": "[{\"added\": {}}]"}}, {"model": "admin.logentry", "pk": 55, "fields": {"action_time": "2024-09-13T01:15:28.498Z", "user": 1, "content_type": 7, "object_id": "1", "object_repr": "Words to Live By", "action_flag": 2, "change_message": "[]"}}, {"model": "admin.logentry", "pk": 56, "fields": {"action_time": "2024-09-26T18:15:37.570Z", "user": 1, "content_type": 4, "object_id": "3", "object_repr": "douglas-adams", "action_flag": 2, "change_message": "[{\"changed\": {\"fields\": [\"Active\"]}}]"}}, {"model": "admin.logentry", "pk": 57, "fields": {"action_time": "2024-09-26T18:53:32.684Z", "user": 1, "content_type": 9, "object_id": "3", "object_repr": "words to live bye bye.", "action_flag": 1, "change_message": "[{\"added\": {}}]"}}, {"model": "admin.logentry", "pk": 58, "fields": {"action_time": "2024-09-30T18:35:03.310Z", "user": 1, "content_type": 4, "object_id": "3", "object_repr": "douglas-adams", "action_flag": 2, "change_message": "[{\"changed\": {\"fields\": [\"Active\"]}}]"}}, {"model": "admin.logentry", "pk": 59, "fields": {"action_time": "2024-10-21T15:16:58.594Z", "user": 1, "content_type": 7, "object_id": "9", "object_repr": "Come @ me Sis", "action_flag": 2, "change_message": "[{\"changed\": {\"fields\": [\"Topics\"]}}]"}}, {"model": "admin.logentry", "pk": 60, "fields": {"action_time": "2024-10-21T15:27:27.730Z", "user": 1, "content_type": 8, "object_id": "5", "object_repr": "something or other", "action_flag": 1, "change_message": "[{\"added\": {}}]"}}, {"model": "admin.logentry", "pk": 61, "fields": {"action_time": "2024-11-04T20:59:38.729Z", "user": 1, "content_type": 7, "object_id": "2", "object_repr": "classic", "action_flag": 2, "change_message": "[{\"changed\": {\"fields\": [\"Content\"]}}]"}}, {"model": "admin.logentry", "pk": 62, "fields": {"action_time": "2024-11-04T21:00:30.117Z", "user": 1, "content_type": 7, "object_id": "3", "object_repr": "you can never really know someone", "action_flag": 2, "change_message": "[{\"changed\": {\"fields\": [\"Content\"]}}]"}}, {"model": "admin.logentry", "pk": 63, "fields": {"action_time": "2024-11-04T21:01:40.693Z", "user": 1, "content_type": 7, "object_id": "4", "object_repr": "where am I?", "action_flag": 2, "change_message": "[{\"changed\": {\"fields\": [\"Content\"]}}]"}}, {"model": "admin.logentry", "pk": 64, "fields": {"action_time": "2024-11-04T21:01:47.068Z", "user": 1, "content_type": 7, "object_id": "5", "object_repr": "who's hungry?", "action_flag": 2, "change_message": "[]"}}, {"model": "admin.logentry", "pk": 65, "fields": {"action_time": "2024-11-04T21:03:33.663Z", "user": 1, "content_type": 7, "object_id": "6", "object_repr": "In the Beginning", "action_flag": 2, "change_message": "[{\"changed\": {\"fields\": [\"Content\"]}}]"}}, {"model": "admin.logentry", "pk": 66, "fields": {"action_time": "2024-11-04T21:03:38.105Z", "user": 1, "content_type": 7, "object_id": "6", "object_repr": "In the Beginning", "action_flag": 2, "change_message": "[]"}}, {"model": "admin.logentry", "pk": 67, "fields": {"action_time": "2024-11-04T21:04:41.190Z", "user": 1, "content_type": 7, "object_id": "11", "object_repr": "Don't think twice", "action_flag": 1, "change_message": "[{\"added\": {}}]"}}, {"model": "admin.logentry", "pk": 68, "fields": {"action_time": "2024-11-04T21:05:42.213Z", "user": 1, "content_type": 7, "object_id": "8", "object_repr": "Swipe ->", "action_flag": 2, "change_message": "[{\"changed\": {\"fields\": [\"Author\", \"Content\", \"Topics\"]}}]"}}, {"model": "admin.logentry", "pk": 69, "fields": {"action_time": "2024-11-04T21:06:14.171Z", "user": 1, "content_type": 7, "object_id": "9", "object_repr": "Come @ me Sis", "action_flag": 2, "change_message": "[{\"changed\": {\"fields\": [\"Content\"]}}]"}}, {"model": "admin.logentry", "pk": 70, "fields": {"action_time": "2024-11-04T21:07:08.211Z", "user": 1, "content_type": 7, "object_id": "12", "object_repr": "really really big", "action_flag": 1, "change_message": "[{\"added\": {}}]"}}, {"model": "admin.logentry", "pk": 71, "fields": {"action_time": "2024-11-04T21:07:23.673Z", "user": 1, "content_type": 8, "object_id": "6", "object_repr": "boyzAndgurlz", "action_flag": 1, "change_message": "[{\"added\": {}}]"}}, {"model": "admin.logentry", "pk": 72, "fields": {"action_time": "2024-11-04T21:08:05.087Z", "user": 1, "content_type": 8, "object_id": "7", "object_repr": "sciency stuff", "action_flag": 1, "change_message": "[{\"added\": {}}]"}}, {"model": "admin.logentry", "pk": 73, "fields": {"action_time": "2024-11-04T21:08:22.108Z", "user": 1, "content_type": 8, "object_id": "8", "object_repr": "Here B Dragons", "action_flag": 1, "change_message": "[{\"added\": {}}]"}}, {"model": "admin.logentry", "pk": 74, "fields": {"action_time": "2024-11-04T21:08:43.899Z", "user": 1, "content_type": 8, "object_id": "9", "object_repr": "conCerning hobBits", "action_flag": 1, "change_message": "[{\"added\": {}}]"}}, {"model": "admin.logentry", "pk": 75, "fields": {"action_time": "2024-11-04T21:08:55.819Z", "user": 1, "content_type": 7, "object_id": "1", "object_repr": "Words to Live By", "action_flag": 2, "change_message": "[]"}}, {"model": "admin.logentry", "pk": 76, "fields": {"action_time": "2024-11-04T21:09:09.120Z", "user": 1, "content_type": 7, "object_id": "2", "object_repr": "classic", "action_flag": 2, "change_message": "[{\"changed\": {\"fields\": [\"Topics\"]}}]"}}, {"model": "admin.logentry", "pk": 77, "fields": {"action_time": "2024-11-04T21:09:21.007Z", "user": 1, "content_type": 7, "object_id": "3", "object_repr": "you can never really know someone", "action_flag": 2, "change_message": "[{\"changed\": {\"fields\": [\"Topics\"]}}]"}}, {"model": "admin.logentry", "pk": 78, "fields": {"action_time": "2024-11-04T21:09:31.039Z", "user": 1, "content_type": 7, "object_id": "4", "object_repr": "where am I?", "action_flag": 2, "change_message": "[{\"changed\": {\"fields\": [\"Topics\"]}}]"}}, {"model": "admin.logentry", "pk": 79, "fields": {"action_time": "2024-11-04T21:09:37.589Z", "user": 1, "content_type": 7, "object_id": "5", "object_repr": "who's hungry?", "action_flag": 2, "change_message": "[{\"changed\": {\"fields\": [\"Topics\"]}}]"}}, {"model": "admin.logentry", "pk": 80, "fields": {"action_time": "2024-11-04T21:09:45.417Z", "user": 1, "content_type": 7, "object_id": "6", "object_repr": "In the Beginning", "action_flag": 2, "change_message": "[{\"changed\": {\"fields\": [\"Topics\"]}}]"}}, {"model": "admin.logentry", "pk": 81, "fields": {"action_time": "2024-11-04T21:09:56.756Z", "user": 1, "content_type": 7, "object_id": "7", "object_repr": "Brutal.", "action_flag": 2, "change_message": "[]"}}, {"model": "admin.logentry", "pk": 82, "fields": {"action_time": "2024-11-04T21:10:07.847Z", "user": 1, "content_type": 7, "object_id": "8", "object_repr": "Swipe ->", "action_flag": 2, "change_message": "[{\"changed\": {\"fields\": [\"Topics\"]}}]"}}, {"model": "admin.logentry", "pk": 83, "fields": {"action_time": "2024-11-04T21:10:29.913Z", "user": 1, "content_type": 7, "object_id": "1", "object_repr": "Words to Live By", "action_flag": 2, "change_message": "[{\"changed\": {\"fields\": [\"Published\"]}}]"}}, {"model": "admin.logentry", "pk": 84, "fields": {"action_time": "2024-11-04T21:10:44.568Z", "user": 1, "content_type": 7, "object_id": "1", "object_repr": "Words to Live By", "action_flag": 2, "change_message": "[]"}}, {"model": "admin.logentry", "pk": 85, "fields": {"action_time": "2024-11-04T21:10:56.793Z", "user": 1, "content_type": 7, "object_id": "2", "object_repr": "classic", "action_flag": 2, "change_message": "[{\"changed\": {\"fields\": [\"Published\"]}}]"}}, {"model": "admin.logentry", "pk": 86, "fields": {"action_time": "2024-11-04T21:11:09.323Z", "user": 1, "content_type": 7, "object_id": "3", "object_repr": "you can never really know someone", "action_flag": 2, "change_message": "[{\"changed\": {\"fields\": [\"Published\"]}}]"}}, {"model": "admin.logentry", "pk": 87, "fields": {"action_time": "2024-11-04T21:11:43.623Z", "user": 1, "content_type": 7, "object_id": "4", "object_repr": "where am I?", "action_flag": 2, "change_message": "[{\"changed\": {\"fields\": [\"Published\"]}}]"}}, {"model": "admin.logentry", "pk": 88, "fields": {"action_time": "2024-11-04T21:12:04.274Z", "user": 1, "content_type": 7, "object_id": "5", "object_repr": "who's hungry?", "action_flag": 2, "change_message": "[{\"changed\": {\"fields\": [\"Status\", \"Published\"]}}]"}}, {"model": "admin.logentry", "pk": 89, "fields": {"action_time": "2024-11-04T21:12:22.576Z", "user": 1, "content_type": 7, "object_id": "6", "object_repr": "In the Beginning", "action_flag": 2, "change_message": "[{\"changed\": {\"fields\": [\"Status\", \"Published\"]}}]"}}, {"model": "admin.logentry", "pk": 90, "fields": {"action_time": "2024-11-04T21:12:39.804Z", "user": 1, "content_type": 7, "object_id": "7", "object_repr": "Brutal.", "action_flag": 2, "change_message": "[{\"changed\": {\"fields\": [\"Status\", \"Published\"]}}]"}}, {"model": "admin.logentry", "pk": 91, "fields": {"action_time": "2024-11-04T21:12:52.382Z", "user": 1, "content_type": 7, "object_id": "8", "object_repr": "Swipe ->", "action_flag": 2, "change_message": "[{\"changed\": {\"fields\": [\"Status\", \"Published\"]}}]"}}, {"model": "admin.logentry", "pk": 92, "fields": {"action_time": "2024-11-04T21:13:02.739Z", "user": 1, "content_type": 7, "object_id": "9", "object_repr": "Come @ me Sis", "action_flag": 2, "change_message": "[{\"changed\": {\"fields\": [\"Status\", \"Published\"]}}]"}}, {"model": "admin.logentry", "pk": 93, "fields": {"action_time": "2024-11-04T21:13:09.542Z", "user": 1, "content_type": 7, "object_id": "10", "object_repr": "Earth", "action_flag": 2, "change_message": "[]"}}, {"model": "admin.logentry", "pk": 94, "fields": {"action_time": "2024-11-04T21:13:25.535Z", "user": 1, "content_type": 7, "object_id": "11", "object_repr": "Don't think twice", "action_flag": 2, "change_message": "[{\"changed\": {\"fields\": [\"Published\", \"Topics\"]}}]"}}, {"model": "admin.logentry", "pk": 95, "fields": {"action_time": "2024-11-04T21:13:34.467Z", "user": 1, "content_type": 7, "object_id": "12", "object_repr": "really really big", "action_flag": 2, "change_message": "[{\"changed\": {\"fields\": [\"Published\", \"Topics\"]}}]"}}, {"model": "admin.logentry", "pk": 96, "fields": {"action_time": "2024-11-04T21:19:21.883Z", "user": 1, "content_type": 7, "object_id": "13", "object_repr": "life sucks", "action_flag": 1, "change_message": "[{\"added\": {}}]"}}, {"model": "admin.logentry", "pk": 97, "fields": {"action_time": "2024-11-04T21:20:26.347Z", "user": 1, "content_type": 7, "object_id": "14", "object_repr": "Liek Tears In Rain", "action_flag": 1, "change_message": "[{\"added\": {}}]"}}, {"model": "admin.logentry", "pk": 98, "fields": {"action_time": "2024-11-04T21:21:37.230Z", "user": 1, "content_type": 7, "object_id": "15", "object_repr": "Bookz Bruh", "action_flag": 1, "change_message": "[{\"added\": {}}]"}}, {"model": "admin.logentry", "pk": 99, "fields": {"action_time": "2024-11-04T21:22:40.165Z", "user": 1, "content_type": 7, "object_id": "16", "object_repr": "(Vin Diesel Voice) Family.", "action_flag": 1, "change_message": "[{\"added\": {}}]"}}, {"model": "admin.logentry", "pk": 100, "fields": {"action_time": "2024-11-04T21:23:26.770Z", "user": 1, "content_type": 7, "object_id": "17", "object_repr": "Persuasion", "action_flag": 1, "change_message": "[{\"added\": {}}]"}}, {"model": "admin.logentry", "pk": 101, "fields": {"action_time": "2024-11-04T21:24:19.528Z", "user": 1, "content_type": 7, "object_id": "18", "object_repr": "Don't get Cocky kid", "action_flag": 1, "change_message": "[{\"added\": {}}]"}}, {"model": "admin.logentry", "pk": 102, "fields": {"action_time": "2024-11-04T21:27:03.304Z", "user": 1, "content_type": 4, "object_id": "7", "object_repr": "jrr-tolkien", "action_flag": 1, "change_message": "[{\"added\": {}}]"}}, {"model": "admin.logentry", "pk": 103, "fields": {"action_time": "2024-11-04T21:27:30.637Z", "user": 1, "content_type": 4, "object_id": "7", "object_repr": "jrr-tolkien", "action_flag": 2, "change_message": "[{\"changed\": {\"fields\": [\"First name\", \"Last name\", \"Email address\"]}}]"}}, {"model": "admin.logentry", "pk": 104, "fields": {"action_time": "2024-11-04T21:28:37.603Z", "user": 1, "content_type": 7, "object_id": "19", "object_repr": "all that glitters aint", "action_flag": 1, "change_message": "[{\"added\": {}}]"}}, {"model": "admin.logentry", "pk": 105, "fields": {"action_time": "2024-11-04T21:29:38.060Z", "user": 1, "content_type": 7, "object_id": "20", "object_repr": "wish upon a well shucks", "action_flag": 1, "change_message": "[{\"added\": {}}]"}}, {"model": "admin.logentry", "pk": 106, "fields": {"action_time": "2024-11-04T21:30:21.839Z", "user": 1, "content_type": 7, "object_id": "21", "object_repr": "at Its finest", "action_flag": 1, "change_message": "[{\"added\": {}}]"}}, {"model": "admin.logentry", "pk": 107, "fields": {"action_time": "2024-11-04T21:31:03.160Z", "user": 1, "content_type": 7, "object_id": "22", "object_repr": "All the Single Ladies", "action_flag": 1, "change_message": "[{\"added\": {}}]"}}, {"model": "admin.logentry", "pk": 108, "fields": {"action_time": "2024-11-04T21:31:49.943Z", "user": 1, "content_type": 7, "object_id": "23", "object_repr": "Hobbit Feets", "action_flag": 1, "change_message": "[{\"added\": {}}]"}}, {"model": "admin.logentry", "pk": 109, "fields": {"action_time": "2024-11-05T19:11:54.400Z", "user": 1, "content_type": 8, "object_id": "1", "object_repr": "Literary", "action_flag": 2, "change_message": "[{\"changed\": {\"fields\": [\"Name\"]}}]"}}, {"model": "admin.logentry", "pk": 110, "fields": {"action_time": "2024-11-05T19:12:26.653Z", "user": 1, "content_type": 8, "object_id": "8", "object_repr": "here B Dragons", "action_flag": 2, "change_message": "[{\"changed\": {\"fields\": [\"Name\"]}}]"}}, {"model": "admin.logentry", "pk": 111, "fields": {"action_time": "2024-11-05T19:12:32.677Z", "user": 1, "content_type": 8, "object_id": "1", "object_repr": "literary", "action_flag": 2, "change_message": "[{\"changed\": {\"fields\": [\"Name\"]}}]"}}, {"model": "admin.logentry", "pk": 112, "fields": {"action_time": "2024-11-05T20:16:32.312Z", "user": 1, "content_type": 7, "object_id": "21", "object_repr": "at Its finest", "action_flag": 2, "change_message": "[{\"changed\": {\"fields\": [\"Status\"]}}]"}}, {"model": "admin.logentry", "pk": 113, "fields": {"action_time": "2024-11-05T20:17:02.561Z", "user": 1, "content_type": 7, "object_id": "3", "object_repr": "you can never really know someone", "action_flag": 2, "change_message": "[{\"changed\": {\"fields\": [\"Status\"]}}]"}}, {"model": "admin.logentry", "pk": 114, "fields": {"action_time": "2024-11-05T20:17:23.436Z", "user": 1, "content_type": 7, "object_id": "15", "object_repr": "Bookz Bruh", "action_flag": 2, "change_message": "[{\"changed\": {\"fields\": [\"Status\"]}}]"}}, {"model": "admin.logentry", "pk": 115, "fields": {"action_time": "2024-11-05T20:17:50.787Z", "user": 1, "content_type": 7, "object_id": "11", "object_repr": "Don't think twice", "action_flag": 2, "change_message": "[{\"changed\": {\"fields\": [\"Status\"]}}]"}}, {"model": "admin.logentry", "pk": 116, "fields": {"action_time": "2024-11-05T20:21:04.226Z", "user": 1, "content_type": 9, "object_id": "4", "object_repr": "3 out of 10. Would not recommend.", "action_flag": 1, "change_message": "[{\"added\": {}}]"}}, {"model": "admin.logentry", "pk": 117, "fields": {"action_time": "2024-11-05T20:21:40.696Z", "user": 1, "content_type": 9, "object_id": "5", "object_repr": "You go gurl.", "action_flag": 1, "change_message": "[{\"added\": {}}]"}}, {"model": "admin.logentry", "pk": 118, "fields": {"action_time": "2024-11-05T20:22:38.645Z", "user": 1, "content_type": 9, "object_id": "6", "object_repr": "They're just not that in to you vin.", "action_flag": 1, "change_message": "[{\"added\": {}}]"}}, {"model": "admin.logentry", "pk": 119, "fields": {"action_time": "2024-11-05T20:23:48.163Z", "user": 1, "content_type": 9, "object_id": "7", "object_repr": "\"I've seen things... seen things you little people", "action_flag": 1, "change_message": "[{\"added\": {}}]"}}, {"model": "admin.logentry", "pk": 120, "fields": {"action_time": "2024-11-05T20:24:32.745Z", "user": 1, "content_type": 9, "object_id": "8", "object_repr": "you're here.", "action_flag": 1, "change_message": "[{\"added\": {}}]"}}, {"model": "admin.logentry", "pk": 121, "fields": {"action_time": "2024-11-05T20:24:50.008Z", "user": 1, "content_type": 9, "object_id": "9", "object_repr": "no you're here.", "action_flag": 1, "change_message": "[{\"added\": {}}]"}}, {"model": "admin.logentry", "pk": 122, "fields": {"action_time": "2024-11-05T20:26:10.055Z", "user": 1, "content_type": 9, "object_id": "10", "object_repr": "Always bring a towel.", "action_flag": 1, "change_message": "[{\"added\": {}}]"}}, {"model": "admin.logentry", "pk": 123, "fields": {"action_time": "2024-11-07T16:57:32.178Z", "user": 1, "content_type": 7, "object_id": "17", "object_repr": "Persuasion", "action_flag": 2, "change_message": "[{\"changed\": {\"fields\": [\"Banner\"]}}]"}}, {"model": "admin.logentry", "pk": 124, "fields": {"action_time": "2024-11-07T16:59:26.499Z", "user": 1, "content_type": 7, "object_id": "17", "object_repr": "Persuasion", "action_flag": 2, "change_message": "[{\"changed\": {\"fields\": [\"Cover\"]}}]"}}, {"model": "admin.logentry", "pk": 125, "fields": {"action_time": "2024-11-07T17:00:51.587Z", "user": 1, "content_type": 7, "object_id": "1", "object_repr": "Words to Live By", "action_flag": 2, "change_message": "[{\"changed\": {\"fields\": [\"Cover\"]}}]"}}, {"model": "admin.logentry", "pk": 126, "fields": {"action_time": "2024-11-07T17:01:00.839Z", "user": 1, "content_type": 7, "object_id": "10", "object_repr": "Earth", "action_flag": 2, "change_message": "[{\"changed\": {\"fields\": [\"Cover\"]}}]"}}, {"model": "admin.logentry", "pk": 127, "fields": {"action_time": "2024-11-07T17:12:34.183Z", "user": 1, "content_type": 7, "object_id": "1", "object_repr": "Words to Live By", "action_flag": 2, "change_message": "[{\"changed\": {\"fields\": [\"Content\"]}}]"}}, {"model": "admin.logentry", "pk": 128, "fields": {"action_time": "2024-11-07T17:14:45.895Z", "user": 1, "content_type": 7, "object_id": "1", "object_repr": "Words to Live By", "action_flag": 2, "change_message": "[{\"changed\": {\"fields\": [\"Content\"]}}]"}}, {"model": "auth.permission", "pk": 1, "fields": {"name": "Can add log entry", "content_type": 1, "codename": "add_logentry"}}, {"model": "auth.permission", "pk": 2, "fields": {"name": "Can change log entry", "content_type": 1, "codename": "change_logentry"}}, {"model": "auth.permission", "pk": 3, "fields": {"name": "Can delete log entry", "content_type": 1, "codename": "delete_logentry"}}, {"model": "auth.permission", "pk": 4, "fields": {"name": "Can view log entry", "content_type": 1, "codename": "view_logentry"}}, {"model": "auth.permission", "pk": 5, "fields": {"name": "Can add permission", "content_type": 2, "codename": "add_permission"}}, {"model": "auth.permission", "pk": 6, "fields": {"name": "Can change permission", "content_type": 2, "codename": "change_permission"}}, {"model": "auth.permission", "pk": 7, "fields": {"name": "Can delete permission", "content_type": 2, "codename": "delete_permission"}}, {"model": "auth.permission", "pk": 8, "fields": {"name": "Can view permission", "content_type": 2, "codename": "view_permission"}}, {"model": "auth.permission", "pk": 9, "fields": {"name": "Can add group", "content_type": 3, "codename": "add_group"}}, {"model": "auth.permission", "pk": 10, "fields": {"name": "Can change group", "content_type": 3, "codename": "change_group"}}, {"model": "auth.permission", "pk": 11, "fields": {"name": "Can delete group", "content_type": 3, "codename": "delete_group"}}, {"model": "auth.permission", "pk": 12, "fields": {"name": "Can view group", "content_type": 3, "codename": "view_group"}}, {"model": "auth.permission", "pk": 13, "fields": {"name": "Can add user", "content_type": 4, "codename": "add_user"}}, {"model": "auth.permission", "pk": 14, "fields": {"name": "Can change user", "content_type": 4, "codename": "change_user"}}, {"model": "auth.permission", "pk": 15, "fields": {"name": "Can delete user", "content_type": 4, "codename": "delete_user"}}, {"model": "auth.permission", "pk": 16, "fields": {"name": "Can view user", "content_type": 4, "codename": "view_user"}}, {"model": "auth.permission", "pk": 17, "fields": {"name": "Can add content type", "content_type": 5, "codename": "add_contenttype"}}, {"model": "auth.permission", "pk": 18, "fields": {"name": "Can change content type", "content_type": 5, "codename": "change_contenttype"}}, {"model": "auth.permission", "pk": 19, "fields": {"name": "Can delete content type", "content_type": 5, "codename": "delete_contenttype"}}, {"model": "auth.permission", "pk": 20, "fields": {"name": "Can view content type", "content_type": 5, "codename": "view_contenttype"}}, {"model": "auth.permission", "pk": 21, "fields": {"name": "Can add session", "content_type": 6, "codename": "add_session"}}, {"model": "auth.permission", "pk": 22, "fields": {"name": "Can change session", "content_type": 6, "codename": "change_session"}}, {"model": "auth.permission", "pk": 23, "fields": {"name": "Can delete session", "content_type": 6, "codename": "delete_session"}}, {"model": "auth.permission", "pk": 24, "fields": {"name": "Can view session", "content_type": 6, "codename": "view_session"}}, {"model": "auth.permission", "pk": 25, "fields": {"name": "Can add post", "content_type": 7, "codename": "add_post"}}, {"model": "auth.permission", "pk": 26, "fields": {"name": "Can change post", "content_type": 7, "codename": "change_post"}}, {"model": "auth.permission", "pk": 27, "fields": {"name": "Can delete post", "content_type": 7, "codename": "delete_post"}}, {"model": "auth.permission", "pk": 28, "fields": {"name": "Can view post", "content_type": 7, "codename": "view_post"}}, {"model": "auth.permission", "pk": 29, "fields": {"name": "Can add topic", "content_type": 8, "codename": "add_topic"}}, {"model": "auth.permission", "pk": 30, "fields": {"name": "Can change topic", "content_type": 8, "codename": "change_topic"}}, {"model": "auth.permission", "pk": 31, "fields": {"name": "Can delete topic", "content_type": 8, "codename": "delete_topic"}}, {"model": "auth.permission", "pk": 32, "fields": {"name": "Can view topic", "content_type": 8, "codename": "view_topic"}}, {"model": "auth.permission", "pk": 33, "fields": {"name": "Can add comment", "content_type": 9, "codename": "add_comment"}}, {"model": "auth.permission", "pk": 34, "fields": {"name": "Can change comment", "content_type": 9, "codename": "change_comment"}}, {"model": "auth.permission", "pk": 35, "fields": {"name": "Can delete comment", "content_type": 9, "codename": "delete_comment"}}, {"model": "auth.permission", "pk": 36, "fields": {"name": "Can view comment", "content_type": 9, "codename": "view_comment"}}, {"model": "auth.permission", "pk": 37, "fields": {"name": "Can add contact", "content_type": 10, "codename": "add_contact"}}, {"model": "auth.permission", "pk": 38, "fields": {"name": "Can change contact", "content_type": 10, "codename": "change_contact"}}, {"model": "auth.permission", "pk": 39, "fields": {"name": "Can delete contact", "content_type": 10, "codename": "delete_contact"}}, {"model": "auth.permission", "pk": 40, "fields": {"name": "Can view contact", "content_type": 10, "codename": "view_contact"}}, {"model": "auth.permission", "pk": 41, "fields": {"name": "Can add photo contest", "content_type": 11, "codename": "add_photocontest"}}, {"model": "auth.permission", "pk": 42, "fields": {"name": "Can change photo contest", "content_type": 11, "codename": "change_photocontest"}}, {"model": "auth.permission", "pk": 43, "fields": {"name": "Can delete photo contest", "content_type": 11, "codename": "delete_photocontest"}}, {"model": "auth.permission", "pk": 44, "fields": {"name": "Can view photo contest", "content_type": 11, "codename": "view_photocontest"}}, {"model": "auth.user", "pk": 1, "fields": {"password": "pbkdf2_sha256$870000$8XSvvhEPnH3Nh4uyKm5PuP$itdk685F30fcsmw9cjb1FtgNu1xah7B/VUuVjWzOkT4=", "last_login": "2024-11-07T20:18:20.556Z", "is_superuser": true, "username": "morgan", "first_name": "", "last_name": "", "email": "morgs99@gmail.com", "is_staff": true, "is_active": true, "date_joined": "2024-09-11T15:31:12.294Z", "groups": [], "user_permissions": []}}, {"model": "auth.user", "pk": 3, "fields": {"password": "pbkdf2_sha256$870000$CmchW3gDBAD8rxwcqQ6E3R$jgJKFqC0u9hp++nb/D0ALPNkhPs8S+nEGxIbr95rWpo=", "last_login": null, "is_superuser": false, "username": "douglas-adams", "first_name": "Douglas", "last_name": "Adams", "email": "dougie@life.com", "is_staff": false, "is_active": true, "date_joined": "2024-09-13T00:26:31Z", "groups": [], "user_permissions": []}}, {"model": "auth.user", "pk": 4, "fields": {"password": "pbkdf2_sha256$870000$DziQvfh7u0T7hyHI0V8UM4$njcuo5J7GiTwKAtuqvw+NT7FWYlqQrzX7AQ55WowAnc=", "last_login": null, "is_superuser": false, "username": "charles-dickens", "first_name": "Charles", "last_name": "Dickens", "email": "charlie@exp.com", "is_staff": false, "is_active": true, "date_joined": "2024-09-13T00:27:17Z", "groups": [], "user_permissions": []}}, {"model": "auth.user", "pk": 5, "fields": {"password": "pbkdf2_sha256$870000$IZEWtlpEo9lBQ3q0uHKgwz$4ZE07adP+sjnc/T6xIgnJVzxXxj17pUuCOVq3WXz2tA=", "last_login": null, "is_superuser": false, "username": "jane-austen", "first_name": "Jane", "last_name": "Austen", "email": "janie@pap.com", "is_staff": false, "is_active": true, "date_joined": "2024-09-13T00:27:55Z", "groups": [], "user_permissions": []}}, {"model": "auth.user", "pk": 6, "fields": {"password": "pbkdf2_sha256$870000$brXs4NQfXU1XS1hqH5CodZ$hbRX0azapazjXJWKQFvogbtqhrdcLnBcRf1NaVe1RjY=", "last_login": "2024-11-07T20:18:11.582Z", "is_superuser": true, "username": "instructor", "first_name": "", "last_name": "", "email": "", "is_staff": true, "is_active": true, "date_joined": "2024-09-13T01:21:35.873Z", "groups": [], "user_permissions": []}}, {"model": "auth.user", "pk": 7, "fields": {"password": "pbkdf2_sha256$870000$nLyVOLXHM9tgMrw86Jv5HU$nqGP7Pgqun8ysvYko5trHO5Ao2jukrfzZsLgxEBKimg=", "last_login": null, "is_superuser": false, "username": "jrr-tolkien", "first_name": "JRR", "last_name": "Tolkien", "email": "jrr@dragonnet.biz", "is_staff": false, "is_active": true, "date_joined": "2024-11-04T21:27:03Z", "groups": [], "user_permissions": []}}, {"model": "contenttypes.contenttype", "pk": 1, "fields": {"app_label": "admin", "model": "logentry"}}, {"model": "contenttypes.contenttype", "pk": 2, "fields": {"app_label": "auth", "model": "permission"}}, {"model": "contenttypes.contenttype", "pk": 3, "fields": {"app_label": "auth", "model": "group"}}, {"model": "contenttypes.contenttype", "pk": 4, "fields": {"app_label": "auth", "model": "user"}}, {"model": "contenttypes.contenttype", "pk": 5, "fields": {"app_label": "contenttypes", "model": "contenttype"}}, {"model": "contenttypes.contenttype", "pk": 6, "fields": {"app_label": "sessions", "model": "session"}}, {"model": "contenttypes.contenttype", "pk": 7, "fields": {"app_label": "blog", "model": "post"}}, {"model": "contenttypes.contenttype", "pk": 8, "fields": {"app_label": "blog", "model": "topic"}}, {"model": "contenttypes.contenttype", "pk": 9, "fields": {"app_label": "blog", "model": "comment"}}, {"model": "contenttypes.contenttype", "pk": 10, "fields": {"app_label": "blog", "model": "contact"}}, {"model": "contenttypes.contenttype", "pk": 11, "fields": {"app_label": "blog", "model": "photocontest"}}, {"model": "sessions.session", "pk": "7k9scvhi1j0q8kr1qrt2vi7rahp0co4p", "fields": {"session_data": ".eJxVjEEOwiAQRe_C2hCgMIhL9z0DGZhBqoYmpV0Z765NutDtf-_9l4i4rTVunZc4kbgILU6_W8L84LYDumO7zTLPbV2mJHdFHrTLcSZ-Xg_376Bir9_aBa8BwtlmFxyDIYfZKM8eA5CxKVExVmUPxWoKKiFbMxCjKQOgLkG8P8yeN9w:1suIT5:TjKMr6YxtDC_RW9uVLb2V2hWmXAzIH0z-Kvb7_gr2UU", "expire_date": "2024-10-11T21:25:39.701Z"}}, {"model": "sessions.session", "pk": "ebxnea3qb27n7x0ht3gyroyftvovcbri", "fields": {"session_data": ".eJxVjEEOwiAQRe_C2hCgMIhL9z0DGZhBqoYmpV0Z765NutDtf-_9l4i4rTVunZc4kbgILU6_W8L84LYDumO7zTLPbV2mJHdFHrTLcSZ-Xg_376Bir9_aBa8BwtlmFxyDIYfZKM8eA5CxKVExVmUPxWoKKiFbMxCjKQOgLkG8P8yeN9w:1strLN:5WcyYcpAK2bzZjFuDqaVgb-jS70zP-XD3DOxezgLbPk", "expire_date": "2024-10-10T16:27:53.190Z"}}, {"model": "sessions.session", "pk": "gx2gd579phzgd23fzx5x4lghj6zk3w29", "fields": {"session_data": ".eJxVjEEOwiAQRe_C2hCgMIhL9z0DGZhBqoYmpV0Z765NutDtf-_9l4i4rTVunZc4kbgILU6_W8L84LYDumO7zTLPbV2mJHdFHrTLcSZ-Xg_376Bir9_aBa8BwtlmFxyDIYfZKM8eA5CxKVExVmUPxWoKKiFbMxCjKQOgLkG8P8yeN9w:1soRU4:6As3QDm6gPOijXM4-tWAT-pJhUiTj1FGOQTIjNOkxwM", "expire_date": "2024-09-25T17:50:28.096Z"}}, {"model": "sessions.session", "pk": "hl1etqmnfgkfkckh31hfos5nq03amrmz", "fields": {"session_data": ".eJxVjEEOwiAQRe_C2hCgMIhL9z0DGZhBqoYmpV0Z765NutDtf-_9l4i4rTVunZc4kbgILU6_W8L84LYDumO7zTLPbV2mJHdFHrTLcSZ-Xg_376Bir9_aBa8BwtlmFxyDIYfZKM8eA5CxKVExVmUPxWoKKiFbMxCjKQOgLkG8P8yeN9w:1t98xQ:VMlHdfV0iX189DnofXpT5cDMFJIsFOspKrEwE8bQPLI", "expire_date": "2024-11-21T20:18:20.557Z"}}, {"model": "sessions.session", "pk": "i62u5rukeh2hndzxtuyemhbvf5qstn5s", "fields": {"session_data": ".eJxVjEEOwiAQRe_C2hCgMIhL9z0DGZhBqoYmpV0Z765NutDtf-_9l4i4rTVunZc4kbgILU6_W8L84LYDumO7zTLPbV2mJHdFHrTLcSZ-Xg_376Bir9_aBa8BwtlmFxyDIYfZKM8eA5CxKVExVmUPxWoKKiFbMxCjKQOgLkG8P8yeN9w:1t3Joj:wMGborKWSlDXRJgBpJXYIcCDILvl-BawFLO0Tiz61Cg", "expire_date": "2024-11-05T18:41:17.681Z"}}, {"model": "sessions.session", "pk": "o6p4sw5ffc31ci7l2s294dpkw3ohadfb", "fields": {"session_data": ".eJxVjEEOwiAQRe_C2hAGaQGX7j0DGZhBqgaS0q6Md7dNutDte-__twi4LiWsnecwkbgIEKdfFjE9ue6CHljvTaZWl3mKck_kYbu8NeLX9Wj_Dgr2sq39kLSyORvnAbO1pNl75fjM4DKxVpEhZj8a0AQbH0zyrBGQlAHCUXy-45g4BQ:1soPJf:SrW0z69eUN3sProZO-pEPEWuDfHtbAXpxeIKw7mxdYI", "expire_date": "2024-09-25T15:31:35.880Z"}}, {"model": "blog.topic", "pk": 1, "fields": {"name": "literary", "slug": "literary"}}, {"model": "blog.topic", "pk": 2, "fields": {"name": "its all relative", "slug": "its-all-relative"}}, {"model": "blog.topic", "pk": 3, "fields": {"name": "sports and games", "slug": "sports-and-games"}}, {"model": "blog.topic", "pk": 4, "fields": {"name": "comms", "slug": "comms"}}, {"model": "blog.topic", "pk": 5, "fields": {"name": "something or other", "slug": "something-or-other"}}, {"model": "blog.topic", "pk": 6, "fields": {"name": "boyzAndgurlz", "slug": "boyzandgurlz"}}, {"model": "blog.topic", "pk": 7, "fields": {"name": "sciency stuff", "slug": "sciency-stuff"}}, {"model": "blog.topic", "pk": 8, "fields": {"name": "here B Dragons", "slug": "here-b-dragons"}}, {"model": "blog.topic", "pk": 9, "fields": {"name": "conCerning hobBits", "slug": "concerning-hobbits"}}, {"model": "blog.post", "pk": 1, "fields": {"title": "Words to Live By", "slug": "words-to-live-by", "author": 3, "status": "published", "content": "<p>Don&#39;t <strong>Panic.<img alt=\"h2g2\" src=\"/media/uploads/2024/11/07/h2g2.jpg\" style=\"height:100px; width:75px\" /></strong><em>I said Don&#39;t Panic!</em></p>", "cover": "h2g2.jpg", "published": "2021-03-15T00:35:16Z", "created": "2024-09-11T17:50:50.111Z", "updated": "2024-11-07T17:14:45.893Z", "topics": [2, 1]}}, {"model": "blog.post", "pk": 2, "fields": {"title": "classic", "slug": "classic", "author": 4, "status": "published", "content": "It was the best of times, it was the worst of times, it was the age of wisdom, it was the age of foolishness, it was the epoch of belief, it was the epoch of incredulity, it was the season of Light, it was the season of Darkness, it was the spring of hope, it was the winter of despair.", "cover": "", "published": "2022-01-01T00:35:27Z", "created": "2024-09-11T18:04:51.841Z", "updated": "2024-11-04T21:10:56.791Z", "topics": [6, 7]}}, {"model": "blog.post", "pk": 3, "fields": {"title": "you can never really know someone", "slug": "you-can-never-really-know-someone", "author": 4, "status": "draft", "content": "A wonderful fact to reflect upon, that every human creature is constituted to be that profound secret and mystery to every other. A solemn consideration, when I enter a great city by night, that every one of those darkly clustered houses encloses its own secret; that every room in every one of them encloses its own secret; that every beating heart in the hundreds of thousands of breasts there, is, in some of its imaginings, a secret to the heart nearest it!", "cover": "", "published": "2023-06-11T18:33:21Z", "created": "2024-09-11T18:05:00.779Z", "updated": "2024-11-05T20:17:02.559Z", "topics": [6, 4, 3]}}, {"model": "blog.post", "pk": 4, "fields": {"title": "where am I?", "slug": "where-am-i", "author": 5, "status": "published", "content": "But I must explain to you how all this mistaken idea of denouncing pleasure and praising pain was born and I will give you a complete account of the system, and expound the actual teachings of the great explorer of the truth, the master-builder of human happiness. No one rejects, dislikes, or avoids pleasure itself, because it is pleasure, but because those who do not know how to pursue pleasure rationally encounter consequences that are extremely painful. Nor again is there anyone who loves or pursues or desires to obtain pain of itself, because it is pain, but because occasionally circumstances occur in which toil and pain can procure him some great pleasure.", "cover": "", "published": "2024-03-19T00:35:38Z", "created": "2024-09-12T20:10:34.494Z", "updated": "2024-11-04T21:11:43.621Z", "topics": [6, 8, 3]}}, {"model": "blog.post", "pk": 5, "fields": {"title": "who's hungry?", "slug": "whos-hungry", "author": 3, "status": "published", "content": "Time is an illusion; lunchtime doubly so.", "cover": "", "published": "2020-11-12T12:00:00Z", "created": "2024-09-13T00:32:00.696Z", "updated": "2024-11-04T21:12:04.272Z", "topics": [7]}}, {"model": "blog.post", "pk": 6, "fields": {"title": "In the Beginning", "slug": "in-the-beginning", "author": 3, "status": "published", "content": "The story so far: \r\n\r\nIn the beginning the Universe was created. \r\n\r\nThis has made a lot of people very angry and been widely regarded as a bad move.", "cover": "", "published": "2023-12-12T21:12:19Z", "created": "2024-09-13T00:32:53.703Z", "updated": "2024-11-04T21:12:22.574Z", "topics": [7, 5]}}, {"model": "blog.post", "pk": 7, "fields": {"title": "Brutal.", "slug": "brutal", "author": 4, "status": "published", "content": "There are books of which the backs and covers are by far the best parts.", "cover": "", "published": "2024-03-03T21:12:38Z", "created": "2024-09-13T00:33:30.659Z", "updated": "2024-11-04T21:12:39.802Z", "topics": [4]}}, {"model": "blog.post", "pk": 8, "fields": {"title": "Swipe ->", "slug": "swipe", "author": 4, "status": "published", "content": "The unqualified truth is, that when I loved Estella with the love of a man, I loved her simply because I found her irresistible. Once for all; I knew to my sorrow, often and often, if not always, that I loved her against reason, against promise, against peace, against hope, against happiness, against all discouragement that could be. Once for all; I loved her none the less because I knew it, and it had no more influence in restraining me, than if I had devoutly believed her to be human perfection.", "cover": "", "published": "2022-11-04T21:12:48Z", "created": "2024-09-13T00:33:56.234Z", "updated": "2024-11-04T21:12:52.380Z", "topics": [6]}}, {"model": "blog.post", "pk": 9, "fields": {"title": "Come @ me Sis", "slug": "come-me-sis", "author": 5, "status": "published", "content": "“You mean to frighten me, Mr. Darcy, by coming in all this state to hear me? But I will not be alarmed though your sister does play so well. There is a stubbornness about me that never can bear to be frightened at the will of others. My courage always rises with every attempt to intimidate me.”", "cover": "", "published": "2024-11-04T21:13:01Z", "created": "2024-09-13T00:34:26.523Z", "updated": "2024-11-04T21:13:02.737Z", "topics": [1]}}, {"model": "blog.post", "pk": 10, "fields": {"title": "Earth", "slug": "earth", "author": 3, "status": "published", "content": "(Mostly) Harmless.", "cover": "h2g2_uTFkHkd.jpg", "published": "2024-09-13T00:35:49Z", "created": "2024-09-13T00:34:55.112Z", "updated": "2024-11-07T17:01:00.837Z", "topics": [2, 1]}}, {"model": "blog.post", "pk": 11, "fields": {"title": "Don't think twice", "slug": "dont-think-twice", "author": 3, "status": "draft", "content": "There is a theory which states that if ever anyone discovers exactly what the Universe is for and why it is here, it will instantly disappear and be replaced by something even more bizarre and inexplicable. There is another theory which states that this has already happened.", "cover": "", "published": "2024-11-04T21:13:16Z", "created": "2024-11-04T21:04:41.188Z", "updated": "2024-11-05T20:17:50.785Z", "topics": [8]}}, {"model": "blog.post", "pk": 12, "fields": {"title": "really really big", "slug": "really-really-big", "author": 3, "status": "published", "content": "“Space,” it says, “is big. Really big. You just won’t believe how vastly, hugely, mindbogglingly big it is. I mean, you may think it’s a long way down the road to the chemist’s, but that’s just peanuts to space.”", "cover": "", "published": "2024-11-04T21:13:30Z", "created": "2024-11-04T21:07:08.209Z", "updated": "2024-11-04T21:13:34.464Z", "topics": [7]}}, {"model": "blog.post", "pk": 13, "fields": {"title": "life sucks", "slug": "life-sucks", "author": 4, "status": "published", "content": "Suffering has been stronger than all other teaching, and has taught me to understand what your heart used to be. I have been bent and broken, but - I hope - into a better shape.", "cover": "", "published": "2022-11-03T01:01:01Z", "created": "2024-11-04T21:19:21.880Z", "updated": "2024-11-04T21:19:21.880Z", "topics": [9]}}, {"model": "blog.post", "pk": 14, "fields": {"title": "Liek Tears In Rain", "slug": "liek-tears-in-rain", "author": 4, "status": "published", "content": "Heaven knows we need never be ashamed of our tears, for they are rain upon the blinding dust of earth, overlying our hard hearts. I was better after I had cried, than before--more sorry, more aware of my own ingratitude, more gentle.", "cover": "", "published": "2024-11-04T21:20:23Z", "created": "2024-11-04T21:20:26.344Z", "updated": "2024-11-04T21:20:26.344Z", "topics": [3]}}, {"model": "blog.post", "pk": 15, "fields": {"title": "Bookz Bruh", "slug": "bookz-bruh", "author": 5, "status": "draft", "content": "I declare after all there is no enjoyment like reading! How much sooner one tires of any thing than of a book! -- When I have a house of my own, I shall be miserable if I have not an excellent library.", "cover": "", "published": "2024-11-04T21:21:31Z", "created": "2024-11-04T21:21:37.228Z", "updated": "2024-11-05T20:17:23.433Z", "topics": [5]}}, {"model": "blog.post", "pk": 16, "fields": {"title": "(Vin Diesel Voice) Family.", "slug": "vin-diesel-voice-family", "author": 5, "status": "published", "content": "There are few people whom I really love, and still fewer of whom I think well. The more I see of the world, the more am I dissatisfied with it; and every day confirms my belief of the inconsistency of all human characters, and of the little dependence that can be placed on the appearance of merit or sense.", "cover": "", "published": "2024-11-04T21:22:34Z", "created": "2024-11-04T21:22:40.162Z", "updated": "2024-11-04T21:22:40.162Z", "topics": [2, 5]}}, {"model": "blog.post", "pk": 17, "fields": {"title": "Persuasion", "slug": "persuasion", "author": 5, "status": "published", "content": "I must go, uncertain of my fate; but I shall return hither, or follow your party, as soon as possible. A word, a look, will be enough to decide whether I enter your father's house this evening or never.", "cover": "persuasion_U8lybjv.jpg", "published": "2024-11-04T21:23:22Z", "created": "2024-11-04T21:23:26.768Z", "updated": "2024-11-07T16:59:26.498Z", "topics": [4]}}, {"model": "blog.post", "pk": 18, "fields": {"title": "Don't get Cocky kid", "slug": "dont-get-cocky-kid", "author": 5, "status": "published", "content": "Vanity and pride are different things, though the words are often used synonymously. A person may be proud without being vain. Pride relates more to our opinion of ourselves, vanity to what we would have others think of us.", "cover": "", "published": "2020-02-20T21:24:11Z", "created": "2024-11-04T21:24:19.525Z", "updated": "2024-11-04T21:24:19.525Z", "topics": [7]}}, {"model": "blog.post", "pk": 19, "fields": {"title": "all that glitters aint", "slug": "all-that-glitters-aint", "author": 7, "status": "published", "content": "“All that is gold does not glitter,\r\nNot all those who wander are lost;\r\nThe old that is strong does not wither,\r\nDeep roots are not reached by the frost.\r\n\r\nFrom the ashes a fire shall be woken,\r\nA light from the shadows shall spring;\r\nRenewed shall be blade that was broken,\r\nThe crownless again shall be king.”", "cover": "", "published": "2010-01-01T00:00:00Z", "created": "2024-11-04T21:28:37.601Z", "updated": "2024-11-04T21:28:37.601Z", "topics": [8]}}, {"model": "blog.post", "pk": 20, "fields": {"title": "wish upon a well shucks", "slug": "wish-upon-a-well-shucks", "author": 7, "status": "published", "content": "“I wish it need not have happened in my time,\" said Frodo.\r\n\"So do I,\" said Gandalf, \"and so do all who live to see such times. But that is not for them to decide. All we have to decide is what to do with the time that is given us.”", "cover": "", "published": "2010-01-01T00:00:00Z", "created": "2024-11-04T21:29:38.058Z", "updated": "2024-11-04T21:29:38.058Z", "topics": [9]}}, {"model": "blog.post", "pk": 21, "fields": {"title": "at Its finest", "slug": "at-its-finest", "author": 7, "status": "draft", "content": "Fantasy is escapist, and that is its glory. If a soldier is imprisioned by the enemy, don't we consider it his duty to escape?. . .If we value the freedom of mind and soul, if we're partisans of liberty, then it's our plain duty to escape, and to take as many people with us as we can!", "cover": "", "published": "2010-01-01T00:00:00Z", "created": "2024-11-04T21:30:21.836Z", "updated": "2024-11-05T20:16:32.310Z", "topics": [9, 2]}}, {"model": "blog.post", "pk": 22, "fields": {"title": "All the Single Ladies", "slug": "all-the-single-ladies", "author": 7, "status": "published", "content": "“Three Rings for the Elven-kings under the sky,\r\nSeven for the Dwarf-lords in their halls of stone,\r\nNine for Mortal Men, doomed to die,\r\nOne for the Dark Lord on his dark throne\r\nIn the Land of Mordor where the Shadows lie.\r\nOne Ring to rule them all, One Ring to find them,\r\nOne Ring to bring them all and in the darkness bind them.\r\nIn the Land of Mordor where the Shadows lie.”", "cover": "", "published": "2010-01-01T00:00:00Z", "created": "2024-11-04T21:31:03.158Z", "updated": "2024-11-04T21:31:03.158Z", "topics": [6]}}, {"model": "blog.post", "pk": 23, "fields": {"title": "Hobbit Feets", "slug": "hobbit-feets", "author": 7, "status": "published", "content": "It's a dangerous business, Frodo, going out your door. You step onto the road, and if you don't keep your feet, there's no knowing where you might be swept off to.", "cover": "", "published": "2010-01-01T21:31:43Z", "created": "2024-11-04T21:31:49.940Z", "updated": "2024-11-04T21:31:49.940Z", "topics": [4, 9]}}, {"model": "blog.comment", "pk": 1, "fields": {"post": 1, "name": "not dna", "email": "notdna@dna.com", "text": "This is quite good advice to take into account.", "approved": true, "created": "2024-09-13T00:58:31.870Z", "updated": "2024-09-13T00:58:31.870Z"}}, {"model": "blog.comment", "pk": 2, "fields": {"post": 6, "name": "pessimistic", "email": "nope@nope.com", "text": "you mean in the end.", "approved": false, "created": "2024-09-13T01:14:52.459Z", "updated": "2024-09-13T01:14:52.459Z"}}, {"model": "blog.comment", "pk": 3, "fields": {"post": 1, "name": "someone-else", "email": "why@noway.com", "text": "words to live bye bye.", "approved": true, "created": "2024-09-26T18:53:32.681Z", "updated": "2024-09-26T18:53:32.681Z"}}, {"model": "blog.comment", "pk": 4, "fields": {"post": 23, "name": "amy", "email": "amygona@getcha.com", "text": "3 out of 10. Would not recommend.", "approved": true, "created": "2024-11-05T20:21:04.224Z", "updated": "2024-11-05T20:21:04.225Z"}}, {"model": "blog.comment", "pk": 5, "fields": {"post": 17, "name": "Lonny", "email": "notallmen@butsomemen.com", "text": "You go gurl.", "approved": true, "created": "2024-11-05T20:21:40.695Z", "updated": "2024-11-05T20:21:40.695Z"}}, {"model": "blog.comment", "pk": 6, "fields": {"post": 16, "name": "Justin Lin", "email": "pleasedont@findme.com", "text": "They're just not that in to you vin.", "approved": true, "created": "2024-11-05T20:22:38.644Z", "updated": "2024-11-05T20:22:38.644Z"}}, {"model": "blog.comment", "pk": 7, "fields": {"post": 14, "name": "Who's Real?", "email": "hauer@rutgers.edu", "text": "\"I've seen things... seen things you little people wouldn't believe. Attack ships on fire off the shoulder of Orion bright as magnesium... I rode on the back decks of a blinker and watched C-beams glitter in the dark near the Tannhäuser Gate. All those moments... they'll be gone.\"", "approved": true, "created": "2024-11-05T20:23:48.161Z", "updated": "2024-11-05T20:23:48.161Z"}}, {"model": "blog.comment", "pk": 8, "fields": {"post": 4, "name": "someone", "email": "noway@gjmail.com", "text": "you're here.", "approved": true, "created": "2024-11-05T20:24:32.744Z", "updated": "2024-11-05T20:24:32.744Z"}}, {"model": "blog.comment", "pk": 9, "fields": {"post": 4, "name": "someone-else", "email": "why@noway.com", "text": "no you're here.", "approved": true, "created": "2024-11-05T20:24:50.007Z", "updated": "2024-11-05T20:24:50.007Z"}}, {"model": "blog.comment", "pk": 10, "fields": {"post": 12, "name": "NotHereOnPurpose", "email": "ford@prefect.com", "text": "Always bring a towel.", "approved": true, "created": "2024-11-05T20:26:10.053Z", "updated": "2024-11-05T20:26:10.053Z"}}, {"model": "blog.contact", "pk": 1, "fields": {"first_name": "notMorgan", "last_name": "notClarke", "email": "notmorgan@notclarke.com", "message": "I'm not giving my name to a computer.", "submitted": "2024-11-07T16:26:10.565Z"}}, {"model": "blog.photocontest", "pk": 1, "fields": {"name": "morgan", "email": "morgan@clarke.com", "photo": "Sharp.png", "submitted": "2024-11-07T20:07:43.727Z"}}, {"model": "blog.photocontest", "pk": 2, "fields": {"name": "Ariana Grande", "email": "thanku@next.com", "photo": "doc2.jpg", "submitted": "2024-11-07T20:08:47.703Z"}}, {"model": "blog.photocontest", "pk": 3, "fields": {"name": "Ed Sheeran", "email": "little@bird.com", "photo": "doc5.jpg", "submitted": "2024-11-07T20:09:16.267Z"}}]